Property,Score
Column Shapes,0.6418864457305912
Column Pair Trends,0.39892325260826167
Cardinality,0.7568032846119293
Intertable Trends,0.3196060611301571
Overall,0.5293047610202348
